sample_id	barcode
GS197	TGCCGGTCAGTTGTATCAGG
GS201	CACTCAATTCCACAACTTAA
GS224	TCTCACACGCTCACTGTCCG
GS238	TCAATGGAGAGTTGTAGTGC
GS240	ATATGCATGTCCAGGCACCA
GS369	ATGGCGCATGAGCTTACACA
GS370	TCCGTTATGTTACACTACAA
GS377	GGTCTATTAACGTGTCGTGG
GS402	CAGCAATCGTATACATCACA
GS428	TTCTGTAGAATATTGCGCTC
GS461	GAACGCAATAACAGTAAGAT
GS473	AGTACTCATGACCACGACAT
GS483	GGTAGAATTATGATGGCTAC
GS491	TAATTAGCGTTTCTTAACCA
GS493	ATTAACAAGGACGAACAACA
GS525	TGATGGCTACATGTTGTTGG
GS537	GAATTACAAGCTGAGCCGGT
GS608	TAGAATTGGATCAGATTAAC
KiGS17	AGGCAGCTCTACGTTAGCCG
KiGS20	ATCGGCGAAGAATTCTTGGA
KiGS-24	CCGTGACCGACAACGTTCGG
KiGS-25	ATACTTGTTCTCGGCGGTTA
KiGS5	TCCGCCAATTCAGCACGGAG
KiGS6	AGGACAGGCCAGCTGGAATG
GS236	AGAGAACCTATAGCATAACC
GS353	GATATTGTGTACCGTGTGGT
GS410	CGTACAGGAAAGAGAACCTA
GS413	CTGCGTTACCTCGAGCCATA
GS487	AGGCCGTGGAAACGCACGAG
KiGS41	AGGAGGTATCTGCCAACTGG
