sample_id	barcodeR1    barcodeR2
GS197	TGCCGGTCAG	CCTGATACAA
GS201	CACTCAATTC	TTAAGTTGTG
GS224	TCTCACACGC	CGGACAGTGA
GS238	TCAATGGAGA	GCACTACAAC
GS240	ATATGCATGT	TGGTGCCTGG
GS369	ATGGCGCATG	TGTGTAAGCT
GS370	TCCGTTATGT	TTGTAGTGTA
GS377	GGTCTATTAA	CCACGACACG
GS402	CAGCAATCGT	TGTGATGTAT
GS428	TTCTGTAGAA	GAGCGCAATA
GS461	GAACGCAATA	ATCTTACTGT
GS473	AGTACTCATG	ATGTCGTGGT
GS483	GGTAGAATTA	GTAGCCATCA
GS491	TAATTAGCGT	TGGTTAAGAA
GS493	ATTAACAAGG	TGTTGTTCGT
GS525	TGATGGCTAC	CCAACAACAT
GS537	GAATTACAAG	ACCGGCTCAG
GS608	TAGAATTGGA	GTTAATCTGA
KiGS17	AGGCAGCTCT	CGGCTAACGT
KiGS20	ATCGGCGAAG	TCCAAGAATT
KiGS-24	CCGTGACCGA	CCGAACGTTG
KiGS-25	ATACTTGTTC	TAACCGCCGA
KiGS5	TCCGCCAATT	CTCCGTGCTG
KiGS6	AGGACAGGCC	CATTCCAGCT
GS236	AGAGAACCTA	GGTTATGCTA
GS353	GATATTGTGT	ACCACACGGT
GS410	CGTACAGGAA	TAGGTTCTCT
GS413	CTGCGTTACC	TATGGCTCGA
GS487	AGGCCGTGGA	CTCGTGCGTT
KiGS41	AGGAGGTATC	CCAGTTGGCA
